,米ドル,英ポンド,ユーロ,カナダドル,スイスフラン,スウェーデンクローネ,デンマーククローネ,ノルウェークローネ,オーストラリアドル,ニュージーランドドル,南アフリカランド,バーレーンディナール,インドネシアルピア,中国人民元,香港ドル,インドルピー,マレーシアリンギ,フィリピンペソ,シンガポールドル,韓国ウォン,タイバーツ,クウェートディナール,サウジアラビアリアル,UAEディルハム,メキシコペソ,パプアニューギニアキナ,ハンガリーフォリント,チェココロナ,ポーランドズロチ,ロシアルーブル,トルコリラ,インドネシアルピア,中国人民元,マレーシアリンギ,韓国ウォン,台湾ドル
,USD,GBP,EUR,CAD,CHF,SEK,DKK,NOK,AUD,NZD,ZAR,BHD,IDR(100),CNY,HKD,INR,MYR,PHP,SGD,KRW(100),THB,KWD,SAR,AED,MXN,PGK,HUF,CZK,PLN,RUB,TRY,IDR(100),CNY,MYR,KRW(100),TWD
2002/4/30,131.15,189.01,115.97,82.83,79.13,12.73,15.61,15.2,70.24,58.08,11.83,348.32,*****,*****,16.82,2.69,*****,2.58,71.64,9.99,3.02,429.5,34.98,35.71,14.36,*****,*****,*****,*****,,,1.39,15.84,*****,9.99,3.77
2002/5/31,126.44,184.56,115.88,81.58,79.6,12.57,15.59,15.43,69.58,58.38,12.51,335.97,*****,*****,16.21,2.6,*****,2.54,70.23,10.1,2.96,417.48,33.73,34.43,13.3,*****,*****,*****,*****,,,1.41,15.28,*****,10.1,3.68
2002/6/28,123.53,183,117.83,80.64,80.09,12.94,15.86,15.92,70.29,60.48,12.22,328.37,*****,*****,15.84,2.54,*****,2.46,69.27,10.2,2.93,410.12,32.96,33.64,12.67,*****,*****,*****,*****,,,1.44,14.93,*****,10.2,3.66
2002/7/31,118.05,183.64,117.23,76.52,80.16,12.67,15.79,15.83,65.42,56.82,11.73,313.77,*****,*****,15.13,2.43,*****,2.34,67.35,9.98,2.86,393.79,31.49,32.15,12.07,*****,*****,*****,*****,,,1.34,14.26,*****,9.98,3.56
2002/8/30,119.08,183.14,116.45,75.85,79.6,12.59,15.69,15.68,64.47,55.28,11.31,316.39,*****,*****,15.27,2.46,*****,2.31,67.82,9.97,2.83,396.92,31.77,32.43,12.12,*****,*****,*****,*****,,,1.35,14.39,*****,9.97,3.53
2002/9/30,120.58,187.6,118.27,76.63,80.74,12.9,15.94,16.08,65.95,56.67,11.41,320.5,*****,*****,15.46,2.5,*****,2.32,68.36,9.99,2.82,401.71,32.17,32.84,12.01,*****,*****,*****,*****,,,1.36,14.57,*****,9.99,3.51
2002/10/31,123.95,193.01,121.59,78.48,83,13.36,16.38,16.58,68.18,59.63,12.04,329.48,*****,*****,15.89,2.58,*****,2.35,69.43,10.01,2.84,412.37,33.07,33.76,12.31,*****,*****,*****,*****,,,1.37,14.97,*****,10.01,3.56
2002/11/29,121.57,191.16,121.79,77.31,83,13.43,16.4,16.65,68.25,60.41,12.65,323.14,*****,*****,15.59,2.53,*****,2.29,68.91,10.05,2.81,405.9,32.43,33.11,11.94,*****,*****,*****,*****,,,1.36,14.69,*****,10.05,3.53
2002/12/30,122.22,193.63,124.29,78.45,84.71,13.68,16.75,17.07,68.81,62.25,13.64,324.9,*****,*****,15.67,2.55,*****,2.3,69.66,10.13,2.82,408.79,32.61,33.28,12,*****,*****,*****,*****,,,1.39,14.77,*****,10.13,3.53
2003/1/31,118.71,192.14,126.33,77.15,86.39,13.78,17.01,17.2,69.46,64.43,13.66,315.28,*****,*****,15.22,2.49,*****,2.22,68.44,10.1,2.78,399.35,31.67,32.33,11.18,*****,*****,*****,*****,,,1.35,14.34,*****,10.1,3.45
2003/2/28,119.43,192.3,128.64,78.93,87.67,14.07,17.32,17.07,70.99,66.14,14.45,317.55,*****,*****,15.31,2.51,*****,2.22,68.43,10.03,2.79,401.66,31.87,32.53,10.95,*****,*****,*****,*****,,,1.36,14.43,*****,10.03,3.45
2003/3/31,118.66,188,128.21,80.4,87.31,13.91,17.27,16.35,71.45,65.77,14.79,315.51,*****,*****,15.22,2.5,*****,2.18,67.7,9.62,2.78,397.74,31.66,32.32,10.9,*****,*****,*****,*****,,,1.35,14.34,*****,9.62,3.43
2003/4/30,119.84,188.7,130.1,82.12,87.02,14.22,17.53,16.62,73.06,66.14,15.64,318.6,*****,*****,15.37,2.54,*****,2.28,67.48,9.73,2.8,400.48,31.97,32.64,11.32,*****,*****,*****,*****,,,1.37,14.48,*****,9.73,3.46
2003/5/30,117.31,190.35,135.71,84.85,89.57,14.84,18.29,17.24,76.02,67.68,15.45,311.82,*****,*****,15.04,2.5,*****,2.24,67.67,9.79,2.78,393.86,31.3,31.95,11.45,*****,*****,*****,*****,,,1.41,14.17,*****,9.79,3.39
2003/6/30,118.33,196.41,138.13,87.41,89.77,15.17,18.61,16.95,78.6,68.77,15.04,314.76,*****,*****,15.17,2.54,*****,2.22,68.24,9.92,2.84,396.52,31.57,32.22,11.28,*****,*****,*****,*****,,,1.45,14.3,*****,9.92,3.43
2003/7/31,118.73,193.2,135.12,86.24,87.3,14.71,18.18,16.3,78.71,69.71,15.81,315.6,*****,*****,15.22,2.58,*****,2.22,67.64,10.06,2.84,396.74,31.68,32.33,11.37,*****,*****,*****,*****,,,1.44,14.34,*****,10.06,3.46
2003/8/29,118.83,189.56,132.6,85.11,86.1,14.37,17.85,16.06,77.43,69.24,16.15,315.88,*****,*****,15.24,2.6,*****,2.17,67.79,10.09,2.85,397.54,31.71,32.36,11.04,*****,*****,*****,*****,,,1.41,14.36,*****,10.09,3.47
2003/9/30,115.23,185.3,129.08,84.31,83.48,14.25,17.39,15.76,76.04,67.24,15.77,306.46,*****,*****,14.8,2.53,*****,2.1,65.94,9.89,2.84,388.03,30.75,31.38,10.55,*****,*****,*****,*****,,,1.38,13.92,*****,9.89,3.4
2003/10/31,109.62,183.85,128.24,82.77,82.86,14.24,17.27,15.59,75.98,65.91,15.79,291.38,*****,*****,14.16,2.43,*****,2,63.19,9.39,2.76,373.65,29.25,29.85,9.83,*****,*****,*****,*****,,,1.31,13.24,*****,9.39,3.25
2003/11/28,109.23,184.4,127.71,83.11,81.84,14.21,17.18,15.58,78.21,68.62,16.26,290.43,*****,*****,14.07,2.41,*****,1.98,63.2,9.22,2.74,371.62,29.15,29.75,9.83,*****,*****,*****,*****,,,1.3,13.2,*****,9.22,3.22
2003/12/30,107.92,188.71,132.36,82.18,85.19,14.68,17.79,16.07,79.65,69.81,16.66,286.87,*****,*****,13.9,2.38,*****,1.95,63.06,9.05,2.72,367.33,28.8,29.39,9.6,*****,*****,*****,*****,,,1.28,13.04,*****,9.05,3.18
2004/1/30,106.42,193.8,134.09,82.08,85.67,14.69,18.01,15.61,81.91,71.48,15.4,282.97,*****,*****,13.7,2.35,*****,1.92,62.67,9,2.72,361.95,28.4,28.98,9.76,*****,*****,*****,*****,,,1.29,12.86,*****,9,3.17
2004/2/27,106.61,198.96,134.66,80.2,85.61,14.68,18.08,15.33,82.82,73.66,15.84,283.39,*****,*****,13.71,2.37,*****,1.91,63.18,9.13,2.73,362.47,28.45,29.03,9.67,33.9,*****,*****,*****,,,1.28,12.88,*****,9.13,3.22
2004/3/31,108.75,198.9,133.45,81.81,85.18,14.46,17.92,15.63,81.61,71.99,16.47,288.95,*****,*****,13.96,2.43,*****,1.94,63.98,*****,2.76,369.81,29.02,29.61,9.89,34.96,*****,*****,*****,,,1.28,13.14,28.62,9.33,3.28
2004/4/30,107.37,194.23,128.93,80.26,82.97,14.05,17.33,15.52,80.23,69.17,16.57,285.17,*****,*****,13.77,2.46,*****,1.93,63.81,*****,2.73,365.02,28.65,29.24,9.55,34.49,*****,*****,*****,,,1.26,12.97,28.26,9.33,3.27
2004/5/31,112.45,200.97,134.97,81.52,87.7,14.79,18.15,16.45,78.94,69,16.65,298.66,*****,*****,14.42,2.5,*****,2.02,65.64,*****,2.77,382.18,30.01,30.62,9.77,36.14,*****,*****,*****,,,1.26,13.59,29.59,9.55,3.37
2004/6/30,109.48,200.32,132.92,80.51,87.55,14.55,17.89,16.06,76.07,68.87,17.08,290.79,*****,*****,14.04,2.42,*****,1.96,63.96,*****,2.69,372.34,29.21,29.81,9.62,35.25,*****,*****,*****,,,1.18,13.23,28.81,9.46,3.27
2004/7/30,109.4,201.5,134.15,82.69,87.88,14.6,18.05,15.84,78.25,70.71,17.92,290.62,*****,*****,14.03,2.39,*****,1.96,63.9,*****,2.67,373.07,29.19,29.79,9.55,35.44,*****,*****,*****,,,1.22,13.22,28.79,9.45,3.25
2004/8/31,110.4,201.01,134.5,84.03,87.42,14.64,18.1,16.16,78.45,72.3,17.2,293.23,*****,*****,14.15,2.39,*****,1.98,64.4,*****,2.66,376.18,29.46,30.06,9.71,36.46,*****,*****,*****,,,1.21,13.34,29.05,9.54,3.25
2004/9/30,110.07,197.44,134.45,85.31,87.16,14.79,18.08,16.1,77.27,72.51,16.91,292.35,*****,*****,14.11,2.39,*****,1.96,64.9,*****,2.66,375.07,29.37,29.97,9.59,37.06,*****,*****,*****,,,1.21,13.3,28.97,9.61,3.26
2004/10/29,109.06,197.04,136.16,87.28,88.28,15.04,18.32,16.54,79.87,74.55,17.14,289.66,*****,*****,14,2.39,*****,1.94,65,*****,2.64,371.69,29.1,29.7,9.58,36.1,*****,*****,*****,,,1.21,13.18,28.7,9.55,3.23
2004/11/30,104.93,194.98,136.24,87.69,89.55,15.14,18.34,16.73,80.75,73.36,17.39,278.69,*****,*****,13.49,2.33,*****,1.87,63.55,*****,2.6,357.17,27.99,28.58,9.24,35,*****,*****,*****,,,1.17,12.68,27.61,9.65,3.2
2004/12/30,103.87,200.47,139.07,85.35,90.64,15.52,18.72,16.92,79.74,74.29,18.15,275.89,*****,*****,13.36,2.37,*****,1.85,63.28,*****,2.65,353.04,27.71,28.29,9.29,34.82,*****,*****,*****,,,1.13,12.55,27.33,9.89,3.23
2005/1/31,103.28,194.01,135.43,84.38,87.56,14.97,18.21,16.48,79.08,72.86,17.33,274.31,*****,*****,13.25,2.37,*****,1.86,63.07,*****,2.67,354.29,27.55,28.13,9.18,34.68,*****,*****,*****,,,1.13,12.48,27.18,9.97,3.25
2005/2/28,104.93,198.04,136.56,84.7,88.1,15.04,18.36,16.43,81.89,74.97,17.54,278.71,*****,*****,13.45,2.41,*****,1.92,64.05,*****,2.73,359.98,28,28.58,9.43,35.32,*****,*****,*****,,,1.14,12.68,27.61,10.28,3.33
2005/3/31,105.33,200.54,138.84,86.51,89.6,15.28,18.65,16.96,82.57,76.74,17.55,279.77,*****,*****,13.5,2.42,*****,1.94,64.55,*****,2.73,361.31,28.1,28.69,9.45,35.32,*****,*****,*****,,,1.13,12.73,27.72,10.46,3.39
2005/4/28,107.46,203.54,139.01,87.08,89.81,15.17,18.67,17,82.96,77.26,17.49,285.41,*****,*****,13.78,2.47,*****,1.98,65.03,*****,2.72,368.63,28.67,29.26,9.68,36.28,*****,*****,*****,,,1.13,12.98,28.28,10.64,3.42
2005/5/31,106.93,197.9,135.46,85.05,87.64,14.74,18.2,16.76,81.74,76.72,16.86,284.01,*****,*****,13.73,2.47,*****,1.97,64.69,*****,2.69,366.75,28.53,29.12,9.76,36.17,*****,*****,*****,,,1.13,12.92,28.14,10.68,3.43
2005/6/30,108.68,197.74,132.24,87.49,85.95,14.29,17.77,16.75,83.3,77.03,16.14,288.65,*****,*****,13.98,2.5,*****,1.97,65.01,*****,2.66,372.8,29,29.6,10.06,36.88,*****,*****,*****,,,1.13,13.13,28.6,10.75,3.47
2005/7/29,111.96,196.29,134.86,91.43,86.57,14.3,18.09,17.02,84.27,76.15,16.74,297.38,*****,*****,14.4,2.58,*****,2,66.53,*****,2.69,384.06,29.87,30.49,10.49,38.02,*****,*****,*****,,,1.15,13.61,29.55,10.81,3.52
2005/8/31,110.79,198.6,136.13,91.85,87.64,14.57,18.26,17.21,84.34,77.03,17.15,294.61,*****,*****,14.26,2.55,*****,1.99,66.65,*****,2.69,380.26,29.56,30.17,10.38,37.82,*****,*****,*****,,,1.12,13.67,29.48,10.85,3.46
2005/9/30,111.08,201.01,136.19,94.15,87.94,14.6,18.27,17.45,84.96,77.74,17.51,295.67,*****,*****,14.31,2.54,*****,1.98,66.08,*****,2.71,382.09,29.64,30.26,10.32,38.32,*****,*****,*****,,,1.09,13.73,29.49,10.8,3.39
2005/10/31,114.91,202.73,138.09,97.65,89.17,14.66,18.51,17.64,86.69,80.28,17.55,305.85,*****,*****,14.81,2.58,*****,2.07,67.94,*****,2.81,395.25,30.66,31.3,10.61,39.46,*****,*****,*****,,,1.14,14.21,30.46,11,3.44
2005/11/30,118.44,205.51,139.54,100.11,90.31,14.59,18.71,17.85,87.13,81.74,17.79,315.32,*****,*****,15.27,2.6,*****,2.18,69.73,*****,2.89,408.56,31.61,32.27,11.11,40.63,*****,*****,*****,,,1.18,14.65,31.35,11.39,3.54
2005/12/30,118.7,207.29,140.7,102.17,90.93,14.91,18.88,17.66,88.14,82.59,18.66,315.97,*****,*****,15.31,2.61,*****,2.22,70.86,*****,2.89,410.89,31.69,32.33,11.19,40.78,*****,*****,*****,,,1.21,14.7,31.43,11.61,3.57
2006/1/31,115.49,204.22,140.1,99.78,90.45,15.05,18.78,17.42,86.66,79.49,19.08,307.51,*****,*****,14.89,2.62,*****,2.2,70.78,*****,2.92,400.35,30.83,31.46,10.96,39.86,*****,*****,*****,,,1.23,14.32,30.79,11.76,3.61
2006/2/28,117.97,206.3,140.96,102.65,90.47,15.11,18.89,17.5,87.54,79.54,19.36,314.05,*****,*****,15.2,2.68,*****,2.28,72.43,*****,3,406.9,31.48,32.13,11.26,40.74,*****,*****,*****,,,1.28,14.65,31.66,12.17,3.66
2006/3/31,117.37,204.75,141.01,101.52,89.9,15.01,18.9,17.67,85.49,74.68,18.84,312.44,*****,*****,15.13,2.65,*****,2.3,72.38,*****,3.01,404.08,31.32,31.97,10.94,40.62,*****,*****,*****,,,1.29,14.6,31.69,12.05,3.62
2006/4/28,117.19,206.83,143.6,102.21,91.18,15.39,19.25,18.3,86.14,72.8,19.27,311.97,*****,*****,15.11,2.62,*****,2.29,73.14,*****,3.08,403.06,31.27,31.92,10.63,40.53,*****,*****,*****,,,1.31,14.62,32,12.31,3.63
2006/5/31,111.7,208.78,142.62,100.49,91.69,15.29,19.13,18.3,85.14,70.37,17.67,297.33,*****,*****,14.4,2.48,*****,2.15,70.8,*****,2.94,386.82,29.8,30.43,10.07,38.73,*****,*****,*****,,,1.24,13.94,30.92,11.87,3.52
2006/6/30,114.62,211.4,145.11,102.94,93.03,15.71,19.47,18.49,84.84,71.05,16.53,305.08,*****,*****,14.76,2.5,*****,2.16,72.06,*****,2.99,398.16,30.58,31.23,10.07,39.45,0.54,5.1261,36.1,,,1.23,14.31,31.3,12.01,3.54
2006/7/31,115.75,213.37,146.84,102.57,93.6,15.95,19.69,18.49,86.92,71.39,16.37,308.07,*****,*****,14.89,2.5,*****,2.22,73.08,*****,3.05,402.08,30.88,31.53,10.54,40.21,0.53,5.1726,36.77,,,1.27,14.48,31.58,12.2,3.56
2006/8/31,115.92,219.27,148.41,103.47,94.06,16.12,19.9,18.58,88.45,73.44,16.71,308.55,*****,*****,14.91,2.5,*****,2.26,73.55,*****,3.08,402.64,30.92,31.57,10.67,40.48,0.54,5.2725,38.06,,,1.28,14.54,31.56,12.07,3.54
2006/9/29,117.12,221.09,149.22,104.97,94.23,16.09,20.01,18.08,88.62,76.59,15.83,311.7,*****,*****,15.05,2.55,*****,2.33,74.19,*****,3.13,406.8,31.24,31.9,10.68,40.96,0.54,5.2703,37.63,,,1.28,14.75,31.91,12.31,3.57
2006/10/31,118.71,222.54,149.76,105.21,94.19,16.18,20.1,17.84,89.44,78.42,15.55,315.99,*****,*****,15.25,2.62,*****,2.38,75.21,*****,3.18,412.35,31.67,32.33,10.91,41.63,0.56,5.306,38.43,,,1.3,15.02,32.29,12.47,3.58
2006/11/30,117.41,224.28,151.12,103.41,94.91,16.61,20.27,18.32,90.63,78.49,16.21,312.51,*****,*****,15.09,2.63,*****,2.36,75.41,*****,3.22,407.82,31.32,31.98,10.78,40.83,0.58,5.4047,39.55,,,1.29,14.93,32.25,12.56,3.58
2006/12/29,117.34,230.38,154.91,101.8,97.01,17.15,20.79,18.98,92.19,81.32,16.7,312.32,*****,*****,15.09,2.64,*****,2.38,76.16,*****,3.31,407.68,31.3,31.96,10.81,41.11,0.61,5.5886,40.65,,,1.29,15,33.04,12.69,3.61
2007/1/31,120.69,236.46,156.48,102.58,96.86,17.22,21,18.9,94.38,83.82,16.79,321.16,*****,*****,15.47,2.73,*****,2.47,78.46,*****,3.45,419.28,32.2,32.87,11.02,42.79,0.62,5.6252,40.31,,,1.34,15.49,34.42,12.88,3.69
2007/2/28,120.55,236.18,157.66,102.91,97.26,17.18,21.16,19.51,94.34,83.66,16.84,320.8,*****,*****,15.43,2.74,*****,2.5,78.6,*****,3.56,418.65,32.16,32.83,10.98,42.48,0.62,5.5937,40.51,,,1.33,15.55,34.49,12.88,3.66
2007/3/30,117.35,228.43,155.35,100.28,96.33,16.73,20.87,19.12,92.9,81.93,16.01,312.34,*****,*****,15.02,2.68,*****,2.43,76.96,*****,3.6,407.67,31.31,31.97,10.57,41.54,0.62,5.5449,40.03,,,1.28,15.16,33.63,12.45,3.56
2007/4/27,118.89,236.09,160.41,104.45,97.96,17.34,21.53,19.76,98.21,87.22,16.74,316.45,*****,*****,15.21,2.83,*****,2.49,78.48,*****,3.67,412.93,31.72,32.39,10.83,41.83,0.65,5.7438,42.04,,,1.31,15.39,34.58,12.78,3.59
2007/5/31,120.82,239.7,163.22,110.26,98.88,17.73,21.91,20.05,99.66,88.48,17.24,321.58,*****,*****,15.45,2.98,*****,2.59,79.33,*****,3.68,420.28,32.24,32.91,11.18,42.34,0.66,5.7903,43.17,,,1.37,15.74,35.54,13.04,3.63
2007/6/29,122.65,243.57,164.53,115.08,99.44,17.64,22.11,20.42,103.23,92.74,17.15,326.47,*****,*****,15.7,3.02,*****,2.66,79.82,*****,3.79,427.64,32.72,33.41,11.33,42.97,0.66,5.7782,43.27,,,1.37,16.07,35.64,13.23,3.72
2007/7/31,121.67,247.41,166.82,115.69,100.7,18.16,22.43,21.02,105.49,95.63,17.48,323.87,*****,*****,15.56,3.02,*****,2.68,80.24,*****,3.99,426.35,32.46,33.14,11.26,43.07,0.68,5.8856,44.29,,,1.35,16.05,35.38,13.26,3.71
2007/8/31,116.88,235.02,159.19,110.28,97.16,17.1,21.4,19.97,97.09,85.06,16.2,311.11,*****,*****,14.95,2.88,*****,2.54,76.75,*****,3.7,416.69,31.18,31.84,10.59,41.96,0.62,5.7212,41.8,,,1.25,15.43,33.6,12.52,3.55
2007/9/28,115.06,232.07,159.6,111.63,96.9,17.18,21.43,20.39,97.03,82.35,16.19,306.29,*****,*****,14.78,2.87,*****,2.5,76.02,*****,3.59,410.92,30.73,31.35,10.44,41.36,0.63,5.7922,42.15,,,1.24,15.28,33.13,12.38,3.49
2007/10/31,115.8,236.64,164.73,118.46,98.6,17.96,22.11,21.44,103.99,87.96,17.13,308.36,*****,*****,14.93,2.95,*****,2.62,78.96,*****,3.68,416.06,30.98,31.56,10.71,42.19,0.66,6.0334,44.49,,,1.27,15.43,34.3,12.67,3.56
2007/11/30,111.34,230.73,163.27,115.63,98.96,17.61,21.91,20.61,100.21,85.05,16.64,297.21,*****,*****,14.32,2.85,*****,2.59,76.95,*****,3.55,404.02,29.87,30.36,10.26,41.82,0.64,6.1155,44.72,,,1.21,14.99,33.21,12.16,3.45
2007/12/28,112.42,227.26,163.58,112.06,98.56,17.35,21.94,20.41,98.05,86.45,16.44,300.68,*****,*****,14.41,2.87,*****,2.71,77.56,*****,3.72,411.21,30.05,30.63,10.37,42.28,0.65,6.2345,45.48,,,1.21,15.25,33.71,12.08,3.47
2008/1/31,107.68,211.85,158.31,106.33,97.85,16.8,21.26,19.9,94.84,83,15.4,287.65,*****,*****,13.8,2.75,*****,2.65,75.24,*****,3.55,395.29,28.73,29.33,9.88,40.32,0.62,6.0888,43.89,,,1.15,14.86,32.98,11.42,3.33
2008/2/29,107.24,210.72,158.17,107.15,98.32,16.9,21.23,19.93,97.9,85.42,14.06,286.2,*****,*****,13.75,2.71,*****,2.65,75.97,*****,3.45,393.45,28.62,29.22,9.97,40.22,0.61,6.2384,44.29,,,1.17,14.96,33.28,11.37,3.39
2008/3/31,100.95,202.15,156.44,100.88,99.63,16.64,20.99,19.62,93.33,80.91,12.64,268.36,*****,*****,12.97,2.52,*****,2.45,72.85,*****,3.21,374.57,26.94,27.5,9.41,38.12,0.6,6.2167,44.27,,,1.1,14.26,31.69,10.31,3.3
2008/4/30,102.52,203.08,161.64,101.16,101.38,17.25,21.68,20.3,95.32,81.02,13.17,272.2,*****,*****,13.16,2.57,*****,2.46,75.15,*****,3.25,385.25,27.34,27.92,9.76,39.21,0.64,6.4804,46.95,,,1.12,14.64,32.43,10.4,3.38
2008/5/30,104.21,204.9,162.29,104.32,99.94,17.43,21.76,20.63,99,80.92,13.69,276.71,*****,*****,13.36,2.49,*****,2.43,76.32,*****,3.25,391.5,27.8,28.38,9.99,40.31,0.66,6.488,47.73,,,1.13,14.94,32.41,10.05,3.41
2008/6/30,106.93,210.25,166.36,105.28,103.08,17.76,22.32,20.83,101.74,81.51,13.5,283.96,*****,*****,13.7,2.51,*****,2.42,78.18,*****,3.22,403.47,28.52,29.12,10.36,41.71,0.69,6.8506,49.29,,,1.15,15.49,32.85,10.38,3.52
2008/7/31,106.84,212.47,168.39,105.41,104.03,17.82,22.59,20.95,102.8,80.72,13.99,283.7,*****,*****,13.7,2.51,*****,2.38,78.6,*****,3.19,403.12,28.5,29.09,10.47,42.56,0.73,7.1548,51.62,,,1.17,15.62,32.89,10.5,3.52
2008/8/29,109.34,207,163.87,103.88,101.08,17.45,21.98,20.54,96.67,77.57,14.31,290.26,*****,*****,14,2.56,*****,2.43,77.96,*****,3.23,410.41,29.16,29.77,10.84,43.9,0.7,6.7693,49.95,,,1.2,15.96,32.9,10.47,3.51
2008/9/30,106.83,191.93,153.53,100.89,96.33,16.07,20.6,18.87,87.63,72.07,13.31,283.71,*****,*****,13.71,2.37,*****,2.29,74.75,*****,3.12,400.59,28.48,29.09,10.07,43.2,0.64,6.2825,45.59,,,1.15,15.64,31.09,9.42,3.35
2008/10/31,100.58,170.71,134.12,86.07,88.14,13.62,18,15.62,69.94,61.54,10.49,266.94,*****,*****,12.96,2.1,*****,2.1,68.21,*****,2.92,376.18,26.81,27.4,8.08,40.75,0.52,5.4252,37.66,,,1.02,14.73,28.61,7.61,3.08
2008/11/28,96.86,148.14,123.15,79.58,81.42,12.18,16.55,13.97,63.6,54.76,9.61,257.37,*****,*****,12.5,2,*****,1.98,64.27,*****,2.76,358.3,25.85,26.39,7.43,39.32,0.47,4.9276,33.16,,,0.85,14.18,27.03,6.95,2.93
2008/12/30,91.53,136.71,122.98,74.11,79.9,11.42,16.52,13.08,61.21,51,9.19,243.37,*****,*****,11.81,1.9,*****,1.91,61.82,*****,2.61,333.87,24.42,24.94,6.85,36.51,0.47,4.7483,30.95,,,0.82,13.38,25.76,6.7,2.76
2009/1/30,90.43,130.35,119.78,73.72,80.17,11.16,16.08,13,61.11,49.66,9.16,240.35,*****,*****,11.66,1.87,*****,1.92,60.68,*****,2.59,318.04,24.12,24.63,6.54,35.39,0.43,4.4307,28.38,,,0.82,13.22,25.31,6.66,2.71
2009/2/27,92.45,133.15,118.19,74.34,79.42,10.83,15.87,13.44,59.97,47.54,9.28,245.74,*****,*****,11.92,1.89,*****,1.94,60.92,*****,2.62,316.17,24.66,25.18,6.35,35.33,0.39,4.1589,25.45,,,0.79,13.52,25.45,6.43,2.7
2009/3/31,98,139.05,127.54,77.48,84.7,11.4,17.12,14.43,65.05,51.91,9.84,260.5,*****,*****,12.64,1.92,*****,2.03,64.02,*****,2.74,335.41,26.14,26.69,6.68,35.6,0.42,4.7022,27.67,,,0.83,14.34,26.67,6.74,2.85
2009/4/30,99.12,145.64,130.73,80.67,86.29,12.02,17.56,14.87,70.73,56.71,10.99,263.41,*****,*****,12.79,1.99,*****,2.07,65.83,*****,2.8,340.73,26.44,27,7.39,35.42,0.45,4.9076,29.67,,,0.9,14.51,27.48,7.41,2.95
2009/5/29,96.3,148.77,131.63,83.65,87.09,12.45,17.69,14.96,73.73,58,11.47,255.89,*****,*****,12.42,2,*****,2.04,65.95,*****,2.78,333.46,25.69,26.23,7.31,36.12,0.47,4.9351,29.86,,,0.93,14.11,27.37,7.68,2.93
2009/6/30,96.57,157.94,135.37,85.91,89.41,12.46,18.19,15.13,77.4,61.53,12,256.56,*****,*****,12.46,2.04,*****,2.03,66.51,*****,2.83,336.36,25.76,26.31,7.25,37.17,0.48,5.1227,30.05,,,0.95,14.13,27.48,7.66,2.95
2009/7/31,94.52,154.71,132.96,83.93,87.53,12.28,17.87,14.85,75.96,60.83,11.9,251.12,*****,*****,12.2,1.97,*****,1.97,65.19,*****,2.78,329.67,25.21,25.74,7.08,37.19,0.49,5.1751,30.93,,,0.94,13.84,26.68,7.49,2.88
2009/8/31,94.91,157.13,135.38,87.33,88.85,13.26,18.2,15.63,79.32,64.13,11.95,252.1,*****,*****,12.24,1.98,*****,1.97,65.86,*****,2.79,331.14,25.32,25.85,7.3,36.99,0.5,5.2985,32.86,,,0.95,13.89,27.02,7.67,2.89
2009/9/30,91.55,149.39,132.89,84.41,87.75,13.01,17.87,15.45,78.59,64.13,12.14,243.19,*****,*****,11.81,1.9,*****,1.9,64.19,*****,2.7,320.05,24.42,24.93,6.83,35.38,0.49,5.242,32.06,,,0.93,13.41,26.18,7.51,2.81
2009/10/30,90.36,146.34,133.9,85.75,88.46,13.01,17.99,16.01,81.94,66.79,12.11,240.06,*****,*****,11.66,1.94,*****,1.93,64.63,*****,2.71,316.73,24.1,24.61,6.84,35.55,0.5,5.1927,31.84,,,0.96,13.23,26.57,7.69,2.8
2009/11/30,89.22,148.36,133.16,84.32,88.18,12.9,17.9,15.84,82.24,65.26,11.88,237.03,*****,*****,11.51,1.93,*****,1.9,64.27,*****,2.68,313.49,23.8,24.29,6.81,35.42,0.49,5.1689,32.01,,,0.95,13.07,26.36,7.68,2.76
2009/12/30,89.57,145.52,130.99,84.9,87.17,12.58,17.61,15.56,80.91,64.15,11.98,237.95,*****,*****,11.56,1.94,*****,1.94,64.22,*****,2.7,314.46,23.9,24.42,6.99,35.23,0.48,5.034,31.62,,,0.95,13.12,26.28,7.69,2.78
2010/1/29,91.23,147.58,130.29,87.48,88.27,12.79,17.51,15.92,83.35,66.32,12.26,242.32,*****,*****,11.76,2,*****,1.99,65.33,*****,2.77,318.63,24.35,24.87,7.13,35.6,0.49,4.9985,32.02,,,0.99,13.37,27.04,8.02,2.87
2010/2/26,90.37,141.46,123.67,85.53,84.3,12.42,16.62,15.28,80.2,63.06,11.81,240.02,*****,*****,11.63,1.96,*****,1.95,64.03,*****,2.73,313.67,24.11,24.62,6.99,35.02,0.46,4.7735,30.83,,,0.97,13.24,26.47,7.82,2.82
2010/3/31,90.54,136.35,122.97,88.36,84.86,12.65,16.53,15.3,82.54,63.66,12.2,240.49,*****,*****,11.66,2,*****,1.98,64.68,*****,2.78,314.41,24.15,24.66,7.2,35.14,0.47,4.8214,31.62,,,0.99,13.26,27.22,7.96,2.84
2010/4/30,93.42,143.28,125.6,92.98,87.59,12.99,16.88,15.81,86.55,66.48,12.75,248.18,*****,*****,12.03,2.11,*****,2.09,67.57,*****,2.9,324.91,24.92,25.44,7.64,36.22,0.48,4.9803,32.47,,,1.04,13.69,29.14,8.37,2.97
2010/5/31,91.7,133.75,114.38,87.78,80.74,11.81,15.37,14.48,79.24,63.64,11.97,243.62,*****,*****,11.77,2.01,*****,2.01,65.66,*****,2.83,316.92,24.46,24.97,7.19,34.34,0.41,4.4737,28.13,,,1,13.43,28.14,7.82,2.88
2010/6/30,90.93,133.98,111.02,87.53,80.53,11.59,14.92,14.03,77.56,62.84,11.88,241.49,*****,*****,11.68,1.97,*****,1.96,65.01,*****,2.8,313.15,24.26,24.76,7.15,34.2,0.4,4.3156,27.08,,,1,13.33,27.86,7.49,2.82
2010/7/30,87.75,133.87,111.82,84.01,83.15,11.78,15.01,13.95,76.76,62.4,11.63,233.01,*****,*****,11.28,1.89,*****,1.9,63.66,*****,2.72,304.31,23.41,23.9,6.85,33.4,0.4,4.4242,27.42,,,0.97,12.95,27.39,7.28,2.73
2010/8/31,85.51,133.92,110.33,82.29,82.17,11.71,14.81,13.93,77.01,61.15,11.73,227.07,*****,*****,11.01,1.85,*****,1.9,63.07,*****,2.69,298.21,22.81,23.28,6.71,33.4,0.39,4.4615,27.68,,,0.96,12.6,27.13,7.25,2.68
2010/9/30,84.37,131.16,109.9,81.48,84.12,11.92,14.76,13.91,78.84,61.25,11.82,224.02,*****,*****,10.86,1.84,*****,1.91,63.13,*****,2.74,294.65,22.5,22.97,6.57,32.77,0.39,4.4702,27.79,,,0.94,12.5,27.16,7.25,2.66
2010/10/29,81.93,129.75,113.72,80.41,84.53,12.27,15.25,14.04,80.39,61.45,11.85,217.57,*****,*****,10.56,1.86,*****,1.89,62.85,*****,2.74,290.33,21.86,22.31,6.58,31.7,0.42,4.647,28.8,2.71,57.48,0.92,12.27,26.44,7.3,2.66
2010/11/30,82.54,131.84,112.8,81.56,83.86,12.12,15.14,13.87,81.7,63.73,11.84,219.18,*****,*****,10.64,1.85,*****,1.9,63.61,*****,2.76,294.06,22.02,22.48,6.7,31.44,0.41,4.5924,28.54,2.67,57.26,0.93,12.4,26.5,7.31,2.73
2010/12/30,83.46,130.29,110.2,82.67,85.83,12.16,14.79,13.93,82.68,62.59,12.19,221.59,*****,*****,10.74,1.85,*****,1.9,63.8,*****,2.78,296.11,22.26,22.73,6.73,31.71,0.4,4.39,27.61,2.71,54.94,0.93,12.54,26.68,7.26,2.79
2011/1/31,82.67,130.46,110.53,83.18,86.36,12.4,14.83,14.12,82.25,63.32,11.96,219.52,*****,*****,10.63,1.83,*****,1.87,64.24,*****,2.7,294.52,22.05,22.51,6.83,31.41,0.4,4.54,28.49,2.75,52.87,0.92,12.52,27.03,7.38,2.84
2011/2/28,82.55,133.15,112.74,83.54,87,12.83,15.12,14.41,83.26,62.93,11.49,219.17,*****,*****,10.6,1.82,*****,1.89,64.68,*****,2.69,295.27,22.02,22.48,6.85,32.13,0.42,4.66,28.75,2.82,51.94,0.93,12.54,27.11,7.38,2.82
2011/3/31,81.83,132.28,114.47,83.8,88.91,12.88,15.35,14.63,82.77,60.69,11.84,217.27,*****,*****,10.5,1.83,*****,1.88,64.52,*****,2.7,294.88,21.83,22.28,6.82,31.89,0.42,4.71,28.56,2.88,51.79,0.94,12.46,26.96,7.3,2.78
2011/4/28,83.44,136.36,120.33,87.04,92.69,13.42,16.14,15.4,88.07,65.68,12.4,221.57,*****,*****,10.74,1.89,*****,1.93,66.84,*****,2.77,302.02,22.26,22.72,7.12,33.28,0.45,4.97,30.3,2.97,54.81,0.97,12.77,27.68,7.68,2.88
2011/5/31,81.24,132.57,115.93,83.83,92.79,12.95,15.55,14.78,86.7,64.65,11.82,215.73,*****,*****,10.45,1.81,*****,1.89,65.59,*****,2.68,295.09,21.67,22.12,6.98,33.87,0.43,4.76,29.44,2.9,51.46,0.95,12.5,26.94,7.49,2.83
2011/6/30,80.57,130.78,115.95,82.43,95.79,12.74,15.55,14.81,85.51,65.67,11.87,213.96,*****,*****,10.35,1.8,*****,1.86,65.28,*****,2.64,293.6,21.49,21.94,6.83,34.81,0.44,4.79,29.25,2.88,50.34,0.94,12.44,26.63,7.46,2.8
2011/7/29,79.52,128.31,113.78,83.15,96.4,12.47,15.26,14.63,85.66,67.19,11.73,211.17,*****,*****,10.21,1.79,*****,1.86,65.32,*****,2.64,290.25,21.21,21.66,6.82,35.04,0.43,4.69,28.55,2.85,48.12,0.94,12.31,26.57,7.5,2.76
2011/8/31,77.2,126.31,110.65,78.73,98.91,12.07,14.86,14.19,81.19,64.71,10.93,205.01,*****,*****,9.9,1.71,*****,1.82,63.87,*****,2.59,283.34,20.59,21.02,6.32,34.5,0.41,4.57,26.91,2.69,44.05,0.91,12.04,25.88,7.19,2.67
2011/9/30,76.88,121.6,106.04,76.92,88.83,11.63,14.25,13.75,78.99,62.65,10.28,204.15,*****,*****,9.86,1.63,*****,1.79,61.72,*****,2.53,279.65,20.51,20.94,5.94,34.34,0.38,4.34,24.61,2.52,42.94,0.89,12.04,25.06,6.88,2.6
2011/10/31,76.66,120.72,105.06,75.02,85.5,11.53,14.12,13.57,77.64,60.49,9.63,203.57,*****,*****,9.85,1.56,*****,1.77,60,*****,2.49,278.11,20.45,20.87,5.69,34.79,0.36,4.24,24.16,2.45,41.87,0.87,12.06,24.45,6.64,2.53
2011/11/30,77.61,122.72,105.23,75.75,85.43,11.53,14.14,13.53,78.53,59.96,9.53,206.01,*****,*****,9.97,1.54,*****,1.8,60.25,*****,2.51,281.26,20.7,21.13,5.68,36.23,0.34,4.14,23.78,2.52,42.88,0.87,12.24,24.63,6.84,2.57
2011/12/30,77.88,121.41,102.6,76.06,83.53,11.37,13.8,13.25,78.81,59.96,9.51,206.78,*****,*****,10.01,1.49,*****,1.79,60.15,*****,2.5,280.47,20.77,21.21,5.66,36.5,0.34,4.03,22.93,2.47,41.69,0.86,12.3,24.65,6.78,2.58
2012/1/31,76.99,119.42,99.34,75.99,82.1,11.25,13.36,12.96,80.2,61.71,9.62,204.45,*****,*****,9.92,1.51,*****,1.77,60.26,*****,2.44,276.38,20.54,20.96,5.76,36.47,0.33,3.9,22.78,2.46,41.9,0.85,12.19,24.79,6.75,2.57
2012/2/29,78.4,123.86,103.67,78.57,85.9,11.76,13.95,13.71,84.07,65.4,10.25,208.2,*****,*****,10.11,1.6,*****,1.84,62.54,*****,2.55,282.56,20.91,21.35,6.13,37.92,0.36,4.15,24.83,2.63,44.62,0.87,12.44,25.95,6.98,2.66
2012/3/30,82.47,130.47,108.97,83.01,90.34,12.26,14.66,14.48,86.91,67.64,10.86,218.99,*****,*****,10.62,1.65,*****,1.93,65.52,*****,2.69,296.48,22,22.45,6.48,40.36,0.37,4.43,26.4,2.81,46.14,0.91,13.07,27.11,7.32,2.8
2012/4/27,81.56,130.35,107.32,82.04,89.27,12.12,14.43,14.18,84.37,66.73,10.42,216.56,*****,*****,10.51,1.59,*****,1.91,65.13,*****,2.64,293.28,21.75,22.21,6.26,40.1,0.36,4.34,25.74,2.77,45.58,0.89,12.95,26.65,7.18,2.77
2012/5/31,79.76,126.95,101.99,78.91,84.91,11.33,13.72,13.47,79.5,61.73,9.77,211.8,*****,*****,10.27,1.47,*****,1.86,63.16,*****,2.55,285.93,21.28,21.72,5.84,39.39,0.35,4.04,23.77,2.59,44.08,0.86,12.65,25.72,6.88,2.71
2012/6/29,79.31,123.29,99.42,77.14,82.78,11.21,13.38,13.18,79.05,61.75,9.45,210.59,*****,12.49,10.22,1.42,*****,1.86,62.03,*****,2.51,283.15,21.15,21.6,5.69,39.26,0.34,3.89,23.16,2.42,43.53,0.85,12.46,24.97,6.81,2.66
2012/7/31,79.04,123.25,97.24,77.88,80.97,11.37,13.08,13.05,81.33,63.09,9.59,209.87,*****,12.41,10.19,1.43,*****,1.89,62.64,*****,2.5,280.9,21.08,21.52,5.92,39.07,0.34,3.83,23.25,2.43,43.64,0.84,*****,24.96,6.92,2.64
2012/8/31,78.69,123.59,97.49,79.19,81.17,11.77,13.1,13.31,82.4,63.75,9.52,208.95,*****,12.36,10.15,1.42,*****,1.87,63.05,*****,2.51,279.39,20.99,21.43,5.97,38.27,0.35,3.91,23.86,2.47,43.81,0.83,*****,25.25,6.95,2.63
2012/9/28,78.18,125.81,100.4,79.81,83.09,11.84,13.47,13.59,81.15,63.84,9.44,207.6,*****,12.36,10.08,1.44,*****,1.88,63.42,*****,2.52,278.18,20.86,21.29,6.03,38.17,0.35,4.07,24.31,2.48,43.38,0.82,*****,25.36,6.96,2.65
2012/10/31,78.99,126.91,102.35,80.02,84.62,11.89,13.73,13.82,81.38,64.76,9.15,209.73,*****,12.6,10.19,1.49,*****,1.91,64.53,*****,2.57,281.16,21.07,21.51,6.13,38.63,0.36,4.11,24.94,2.54,43.83,0.83,*****,25.86,7.14,2.7
2012/11/30,80.9,129.19,103.79,81.13,86.13,12.07,13.92,14.15,84.18,66.3,9.21,214.82,*****,12.99,10.44,1.48,*****,1.97,66.14,*****,2.64,287.57,21.58,22.03,6.19,39.04,0.37,4.11,25.15,2.58,45.13,0.84,*****,26.47,7.44,2.78
2012/12/28,83.65,134.93,109.63,84.54,90.71,12.66,14.7,14.89,87.53,69.57,9.69,222.08,*****,13.46,10.79,1.54,*****,2.04,68.55,*****,2.73,297.71,22.31,22.78,6.51,39.43,0.38,4.36,26.78,2.72,46.84,0.87,*****,27.39,7.77,2.88
2013/1/31,89.24,142.19,118.61,89.91,96.32,13.75,15.9,16.05,93.7,74.76,10.13,236.92,*****,14.39,11.51,1.65,*****,2.19,72.63,*****,2.97,317.26,23.81,24.3,7.04,41.78,0.4,4.65,28.67,2.95,50.42,0.93,*****,29.37,8.37,3.07
2013/2/28,93.23,144.35,124.6,92.48,101.28,14.65,16.7,16.79,96.21,78.29,10.51,247.5,*****,14.98,12.02,1.74,*****,2.3,75.29,*****,3.13,331.14,24.87,25.39,7.34,43.58,0.43,4.9,29.89,3.09,52.51,0.97,*****,30.1,8.59,3.15
2013/3/29,94.81,142.97,122.93,92.53,100.23,14.73,16.49,16.44,98,78.53,10.33,251.74,*****,15.27,12.22,1.75,*****,2.33,76.09,*****,3.21,334.02,25.29,25.82,7.58,43.63,0.41,4.8,29.62,3.08,52.47,0.98,*****,30.51,8.61,3.19
2013/4/30,97.73,149.44,127.15,95.93,104.28,15.06,17.06,16.87,101.51,82.75,10.73,259.51,*****,15.8,12.59,1.8,*****,2.38,78.93,*****,3.37,343.32,26.07,26.62,8,43.91,0.43,4.93,30.77,3.12,54.4,1.01,*****,32.04,8.71,3.28
2013/5/31,101.1,154.43,131.12,99.03,105.57,15.3,17.59,17.36,99.96,83.26,10.81,268.46,*****,16.47,13.02,1.84,*****,2.45,80.92,*****,3.4,354.52,26.97,27.53,8.23,44.75,0.45,5.07,31.39,3.23,55.41,1.04,*****,33.51,9.09,3.4
2013/6/28,97.45,150.96,128.6,94.49,104.37,14.82,17.25,16.63,92.04,77.11,9.72,258.76,*****,15.89,12.56,1.68,*****,2.27,77.36,*****,3.17,343.19,26,26.54,7.53,45.12,0.44,5.01,30.03,3.02,51.34,0.99,*****,31.01,8.59,3.26
2013/7/31,99.78,151.53,130.53,95.81,105.6,15.09,17.5,16.56,91.55,78.71,10.08,264.89,*****,16.27,12.86,1.67,*****,2.3,78.7,*****,3.21,349.68,26.61,27.17,7.83,46.3,0.45,5.04,30.59,3.05,51.74,1,*****,31.29,8.86,3.34
2013/8/30,97.86,151.55,130.34,94.14,105.73,14.99,17.48,16.44,88.36,77.5,9.71,259.83,*****,16,12.62,1.57,*****,2.24,76.9,*****,3.1,344.66,26.1,26.65,7.59,44.67,0.44,5.06,30.83,2.97,50,0.93,*****,29.87,8.77,3.27
2013/9/30,99.23,157.1,132.33,95.71,107.28,15.25,17.74,16.6,91.96,80.49,9.94,263.45,*****,16.24,12.8,1.55,*****,2.27,78.53,*****,3.13,349.48,26.47,27.02,7.59,43.18,0.44,5.14,31.25,3.04,49.23,0.88,*****,30.52,9.15,3.35
2013/10/31,97.87,157.56,133.46,94.45,108.38,15.28,17.89,16.44,93.12,81.65,9.88,259.95,*****,16.06,12.62,1.59,*****,2.27,78.7,*****,3.14,347.12,26.11,26.65,7.53,40.44,0.45,5.21,31.89,3.05,49.33,0.87,*****,30.82,9.18,3.33
2013/11/29,100.03,161.1,134.97,95.42,109.56,15.19,18.1,16.44,93.3,82.73,9.81,265.66,*****,16.46,12.91,1.6,*****,2.3,80.19,*****,3.16,353.81,26.68,27.24,7.66,41.03,0.45,5.02,32.22,3.06,49.46,0.87,*****,31.28,9.42,3.39
2013/12/30,103.49,169.39,141.66,97.28,115.66,15.8,18.99,16.85,92.99,85.08,10,274.79,*****,17.04,13.35,1.68,*****,2.35,82.24,*****,3.2,366.53,27.6,28.18,7.96,43.7,0.47,5.16,33.97,3.15,50.36,0.86,*****,31.88,9.8,3.49
2014/1/31,103.93,171.12,141.46,94.85,114.87,16.03,18.96,16.88,91.97,86.07,9.54,275.96,*****,17.23,13.4,1.68,*****,2.31,81.6,*****,3.16,368.14,27.72,28.3,7.86,43.89,0.47,5.16,33.89,3.07,46.78,0.86,*****,31.41,9.73,3.45
2014/2/28,102.15,169.19,139.48,92.37,114.17,15.72,18.69,16.68,91.55,84.62,9.32,271.24,*****,16.87,13.17,1.65,*****,2.28,80.68,*****,3.13,362.6,27.25,27.82,7.69,42.69,0.45,5.09,33.42,2.9,46.24,0.86,*****,30.89,9.54,3.38
2014/3/31,102.27,170.03,141.43,92.12,116.18,15.96,18.95,17.05,92.8,87.13,9.51,271.58,*****,16.61,13.18,1.68,*****,2.29,80.72,*****,3.16,363.51,27.28,27.85,7.75,40.86,0.45,5.17,33.69,2.83,46.16,0.9,*****,31.18,9.56,3.37
2014/4/30,102.58,171.67,141.58,93.28,116.12,15.67,18.96,17.16,95.59,88.41,9.73,272.39,*****,16.49,13.23,1.71,*****,2.3,81.73,*****,3.18,364.79,27.36,27.93,7.86,38.96,0.46,5.17,33.9,2.88,48.25,0.9,*****,31.51,9.83,3.4
2014/5/30,101.83,171.56,139.82,93.53,114.54,15.5,18.73,17.15,94.75,87.6,9.8,270.36,*****,16.32,13.14,1.72,*****,2.33,81.35,*****,3.13,362.1,27.16,27.73,7.88,38,0.46,5.1,33.49,2.93,48.74,0.88,*****,31.55,9.94,3.38
2014/6/30,102.08,172.52,138.79,94.22,113.92,15.27,18.61,16.92,95.58,87.98,9.56,270.99,*****,16.39,13.17,1.72,*****,2.33,81.59,*****,3.14,362.31,27.23,27.8,7.86,42.16,0.45,5.06,33.57,2.97,48.2,0.86,*****,31.72,10.02,3.41
2014/7/31,101.73,173.81,137.84,94.84,113.45,14.94,18.49,16.43,95.55,88.48,9.55,270.09,*****,16.41,13.13,1.7,*****,2.34,81.86,*****,3.17,360.69,27.14,27.7,7.84,42.51,0.45,5.03,33.29,2.94,48.06,0.87,*****,31.95,9.98,3.4
2014/8/29,102.97,172.08,137.14,94.24,113.16,14.93,18.4,16.61,95.83,86.83,9.66,273.35,*****,16.73,13.28,1.7,*****,2.35,82.47,*****,3.22,363.24,27.46,28.04,7.83,42.51,0.44,4.94,32.74,2.86,47.71,0.88,*****,32.4,10.05,3.44
2014/9/30,107.08,174.79,138.31,97.43,114.54,15.05,18.58,16.91,97.26,87.46,9.79,284.29,*****,17.43,13.81,1.77,*****,2.43,84.88,*****,3.33,374.09,28.56,29.16,8.1,44.1,0.44,5.02,33.03,2.83,48.57,0.9,*****,33.34,10.37,3.56
2014/10/31,108,173.65,136.96,96.28,113.39,14.93,18.4,16.51,94.77,84.96,9.76,286.7,*****,17.6,13.92,1.77,*****,2.41,84.77,*****,3.33,374.28,28.8,29.41,8.01,43.24,0.45,4.98,32.58,2.65,47.96,0.89,*****,33.06,10.19,3.56
2014/11/28,116.23,183.41,145.02,102.52,120.59,15.68,19.49,17.07,100.46,91,10.48,308.54,*****,18.96,14.99,1.89,*****,2.59,89.71,*****,3.55,399.51,30.99,31.65,8.54,45.64,0.47,5.25,34.44,2.51,52.02,0.96,*****,34.77,10.59,3.79
2014/12/30,119.42,186.72,147.29,103.56,122.49,15.68,19.8,16.43,98.58,92.6,10.42,317.02,*****,19.3,15.4,1.91,*****,2.68,90.81,*****,3.63,409.17,31.83,32.52,8.24,46.4,0.48,5.33,34.92,2.15,52.21,0.96,*****,34.36,10.81,3.81
2015/1/30,118.34,179.16,137.29,97.76,126.74,14.57,18.46,15.39,95.57,90.28,10.24,314.15,*****,19.01,15.26,1.91,*****,2.66,88.44,*****,3.62,402.57,31.52,32.22,8.06,45.45,0.44,4.93,32.12,1.86,50.75,0.94,*****,33.02,10.88,3.74
2015/2/27,118.59,181.71,134.7,94.82,126.88,14.19,18.08,15.62,92.42,88.36,10.25,314.84,*****,18.95,15.29,1.92,*****,2.69,87.56,*****,3.64,401.56,31.62,32.29,7.95,45.19,0.44,4.89,32.3,1.84,48.2,0.93,*****,32.98,10.78,3.76
2015/3/31,120.38,180.57,130.56,95.51,123.02,14.12,17.51,15.11,93.12,89.99,9.99,319.57,*****,19.27,15.52,1.93,*****,2.71,87.46,*****,3.69,402.95,32.11,32.78,7.91,45.72,0.43,4.78,31.64,2,46.55,0.92,*****,32.73,10.83,3.83
2015/4/30,119.58,178.42,128.99,96.62,124.32,13.82,17.28,15.12,92.2,90.59,9.97,317.49,*****,19.29,15.43,1.91,*****,2.7,88.5,*****,3.68,396.65,31.9,32.56,7.87,44.58,0.43,4.71,32.06,2.25,45.18,0.92,*****,32.88,10.99,3.86
2015/5/29,120.76,187.34,134.71,99.18,129.48,14.49,18.06,16.01,95.41,89.11,10.11,320.59,*****,19.47,15.58,1.9,*****,2.71,90.52,*****,3.6,400.04,32.21,32.88,7.92,44.5,0.44,4.92,32.99,2.39,45.89,0.92,*****,33.54,11.04,3.95
2015/6/30,123.77,192.59,138.77,100.12,132.84,14.96,18.6,15.85,95.48,86.59,10.07,328.62,*****,19.95,15.97,1.94,*****,2.75,91.98,*****,3.67,409.67,33.01,33.7,8,45.37,0.45,5.09,33.4,2.28,45.82,0.93,*****,33.13,11.12,4.01
2015/7/31,123.25,191.78,135.65,96.13,129.4,14.48,18.18,15.2,91.53,82.09,9.91,327.33,*****,19.84,15.9,1.94,*****,2.73,90.61,*****,3.6,407.24,32.88,33.56,7.74,44.68,0.44,5.01,32.64,2.15,45.68,0.92,*****,32.44,10.76,3.96
2015/8/31,123.22,192.2,137.15,93.75,127.28,14.41,18.38,14.94,89.99,80.78,9.56,327.13,*****,19.33,15.89,1.9,*****,2.67,88.24,*****,3.49,407.43,32.87,33.55,7.46,44.39,0.44,5.08,32.73,1.88,43.28,0.9,*****,30.42,10.45,3.83
2015/9/30,120.24,184.3,135.14,90.64,123.75,14.36,18.11,14.52,84.77,76.17,8.81,319.51,*****,18.74,15.51,1.82,*****,2.57,84.95,*****,3.34,398.07,32.08,32.75,7.14,42.48,0.43,4.99,32.02,1.8,39.91,0.84,*****,27.89,10.12,3.68
2015/10/30,120.08,184.01,134.72,91.75,123.89,14.4,18.06,14.5,86.36,80.15,8.89,319.13,*****,18.88,15.5,1.85,*****,2.59,85.69,*****,3.36,397.64,32.04,32.7,7.24,41.48,0.43,4.98,31.71,1.9,41,0.87,*****,28.18,10.48,3.7
2015/11/30,122.59,186.38,131.64,92.4,121.58,14.12,17.65,14.2,87.59,80.41,8.68,326.17,*****,19.17,15.82,1.86,*****,2.61,86.73,*****,3.43,403.62,32.7,33.39,7.37,41.57,0.42,4.88,30.98,1.89,42.61,0.9,*****,28.41,10.63,3.76
2015/12/30,121.85,182.93,132.52,89.12,122.41,14.32,17.76,14.03,88.33,82.1,8.17,324.03,*****,18.72,15.72,1.83,*****,2.58,86.6,*****,3.39,401.36,32.5,33.18,7.16,40.84,0.42,4.91,30.87,1.75,41.76,0.88,*****,28.47,10.39,3.72
2016/1/29,118.24,170.36,128.37,83.15,117.44,13.84,17.21,13.4,83,77.29,7.24,314.28,*****,17.9,15.2,1.76,*****,2.49,82.56,*****,3.27,388.97,31.54,32.2,6.56,39.28,0.41,4.76,29.15,1.54,39.31,0.85,*****,27.22,9.84,3.54
2016/2/29,115.08,164.68,127.62,83.3,115.8,13.58,17.1,13.37,82.06,76.27,7.3,305.94,*****,17.56,14.79,1.69,*****,2.42,81.8,*****,3.23,383.97,30.7,31.33,6.24,38.1,0.41,4.73,29.02,1.5,39.11,0.85,*****,27.54,9.45,3.47
2016/3/31,113.03,160.68,125.55,85.3,114.97,13.52,16.84,13.31,84.54,76.04,7.34,300.44,*****,17.37,14.56,1.69,*****,2.43,82.18,*****,3.21,375.78,30.15,30.78,6.4,37.64,0.41,4.65,29.26,1.61,39.17,0.86,*****,27.75,9.52,3.46
2016/4/28,109.92,157.04,124.59,85.5,114.03,13.52,16.74,13.35,84.26,75.68,7.52,292.27,*****,16.95,14.17,1.66,*****,2.37,81.38,*****,3.13,364.81,29.32,29.93,6.28,36.1,0.4,4.61,28.98,1.65,38.79,0.83,*****,28.21,9.58,3.4
2016/5/31,109.12,158.47,123.08,84.16,111.22,13.24,16.55,13.23,79.57,74.03,7.09,290.03,*****,16.66,14.05,1.63,*****,2.33,79.53,*****,3.08,362.19,29.11,29.71,5.99,35.47,0.39,4.56,27.95,1.66,37,0.81,*****,26.97,9.28,3.35
2016/6/30,105.72,150.63,118.84,81.99,108.99,12.75,15.98,12.74,78.21,74.31,7.01,280.93,*****,16.02,13.62,1.58,*****,2.28,78.05,*****,3,350.91,28.2,28.79,5.67,34.69,0.38,4.39,27.07,1.62,36.29,0.79,*****,25.93,9.05,3.27
2016/7/29,103.99,136.76,114.96,79.72,105.85,12.14,15.46,12.28,78.16,74.07,7.21,276.11,*****,15.55,13.41,1.55,*****,2.21,76.95,*****,2.97,344.39,27.74,28.31,5.6,33.52,0.36,4.25,26.18,1.62,35.09,0.79,*****,25.88,9.1,3.24
2016/8/31,101.34,132.88,113.54,77.97,104.39,11.96,15.26,12.2,77.21,73.22,7.36,269.23,*****,15.23,13.07,1.52,*****,2.17,75.21,*****,2.92,336.34,27.03,27.59,5.48,32.76,0.37,4.2,26.39,1.56,34.23,0.77,*****,25.17,9.12,3.21
2016/9/30,101.98,134.31,114.33,77.93,104.7,11.95,15.36,12.43,77.38,74.53,7.24,271.02,*****,15.27,13.15,1.53,*****,2.15,75.04,*****,2.94,338.51,27.2,27.77,5.34,32.73,0.37,4.23,26.45,1.58,34.39,0.78,*****,24.86,9.2,3.24
2016/10/31,103.8,128.21,114.4,78.41,105.17,11.79,15.38,12.72,79.09,74.3,7.45,275.86,*****,15.4,13.38,1.56,*****,2.15,75.04,*****,2.96,343.41,27.68,28.26,5.5,33.5,0.37,4.24,26.56,1.66,33.79,0.8,*****,24.88,9.22,3.29
2016/11/30,108.27,134.61,116.82,80.51,108.67,11.86,15.7,12.86,81.59,77.39,7.78,287.78,*****,15.79,13.96,1.6,*****,2.2,76.75,*****,3.06,356.81,28.88,29.48,5.42,34.95,0.38,4.32,26.64,1.68,32.98,0.81,*****,25.02,9.32,3.41
2016/12/30,115.98,144.81,122.25,86.89,113.72,12.57,16.44,13.55,85.21,81.66,8.37,308.28,*****,16.76,14.95,1.71,*****,2.33,80.78,*****,3.24,379.89,30.93,31.58,5.66,37.49,0.39,4.52,27.57,1.87,33.16,0.87,*****,26.03,9.81,3.63
2017/1/31,114.77,141.63,122.09,86.93,113.91,12.84,16.42,13.56,85.74,81.85,8.47,305.08,*****,16.76,14.8,1.69,*****,2.31,80.39,*****,3.24,375.97,30.61,31.25,5.35,37.12,0.4,4.52,27.98,1.92,30.52,0.86,*****,25.78,9.73,3.63
2017/2/28,113.11,141.32,120.4,86.31,112.95,12.71,16.2,13.59,86.62,81.71,8.57,300.66,*****,16.52,14.58,1.69,*****,2.26,79.89,*****,3.23,370.9,30.17,30.8,5.57,36.77,0.39,4.46,27.95,1.94,30.84,0.85,*****,25.47,9.89,3.66
2017/3/31,113.05,139.45,120.75,84.46,112.75,12.67,16.24,13.3,86.12,79.24,8.74,300.48,*****,16.42,14.56,1.72,*****,2.25,80.4,*****,3.24,370.68,30.15,30.78,5.85,36.61,0.39,4.47,28.17,1.95,30.77,0.85,*****,25.48,9.97,3.69
2017/4/28,110.12,139,117.95,82.03,109.99,12.29,15.86,12.83,83.08,76.9,8.2,292.73,*****,15.99,14.16,1.71,*****,2.21,78.77,*****,3.2,361.63,29.37,29.98,5.88,35.16,0.38,4.4,27.84,1.95,30.16,0.83,*****,25,9.72,3.63
2017/5/31,112.26,145.05,124.1,82.59,113.72,12.78,16.68,13.21,83.45,77.92,8.47,298.32,*****,16.32,14.42,1.74,*****,2.25,80.45,*****,3.26,369.65,29.94,30.57,5.98,36.3,0.4,4.68,29.54,1.97,31.44,0.84,*****,26.02,9.97,3.72
2017/6/30,110.92,141.95,124.51,83.31,114.54,12.77,16.74,13.1,83.74,80.06,8.6,294.56,*****,16.32,14.22,1.72,*****,2.22,80.13,*****,3.26,365.92,29.58,30.21,6.11,35.76,0.4,4.74,29.58,1.92,31.53,0.83,*****,25.94,9.82,3.67
2017/7/31,112.43,146,129.42,88.34,117.15,13.49,17.41,13.76,87.54,82.65,8.56,298.54,*****,16.6,14.4,1.75,*****,2.22,81.97,*****,3.33,371.85,29.99,30.62,6.31,36.31,0.42,4.96,30.56,1.89,31.59,0.84,*****,26.23,9.92,3.7
2017/8/31,109.94,142.57,129.89,87.22,113.82,13.6,17.46,13.93,87.08,80.43,8.31,291.88,*****,16.45,14.05,1.72,*****,2.16,80.79,*****,3.31,364.71,29.32,29.93,6.18,35.52,0.43,4.98,30.47,1.85,31.34,0.83,*****,25.68,9.73,3.64
2017/9/29,110.75,147.11,131.84,90.03,115.07,13.84,17.72,14.15,88.25,80.2,8.43,294.01,*****,16.86,14.17,1.72,*****,2.17,82,*****,3.34,367.82,29.53,30.16,6.21,35.6,0.43,5.06,30.9,1.92,31.91,0.83,*****,26.28,9.78,3.68
2017/10/31,112.96,149.24,132.85,89.77,115.14,13.83,17.85,14.14,88.05,79.69,8.26,299.67,*****,17.06,14.47,1.74,*****,2.2,83.08,*****,3.4,374.16,30.12,30.76,6.01,36.29,0.43,5.16,31.16,1.96,30.77,0.83,*****,26.73,9.97,3.73
2017/11/30,112.95,149.33,132.46,88.46,113.83,13.47,17.8,13.8,86.09,77.81,8.02,299.61,*****,17.04,14.47,1.74,*****,2.22,83.27,*****,3.43,374.14,30.12,30.76,5.96,36.17,0.43,5.19,31.34,1.91,29.07,0.84,*****,27.07,10.24,3.75
2017/12/29,113.04,151.53,133.71,88.45,114.42,13.46,17.97,13.59,86.37,78.68,8.62,299.74,*****,17.14,14.47,1.76,*****,2.25,83.93,*****,3.46,374.53,30.14,30.78,5.9,36.07,0.43,5.21,31.82,1.93,29.45,0.83,*****,27.74,10.42,3.77
2018/1/31,110.86,153.4,135.33,89.15,115.4,13.79,18.18,14.05,88.28,80.56,9.11,294.14,*****,17.26,14.18,1.74,*****,2.19,83.91,*****,3.48,369.14,29.56,30.19,5.88,35.18,0.44,5.32,32.52,1.96,29.36,0.83,*****,28.09,10.39,3.77
2018/2/28,107.97,151.11,133.46,85.97,115.65,13.45,17.93,13.81,85.14,78.96,9.15,286.47,*****,17.1,13.8,1.68,*****,2.08,81.88,*****,3.43,360.62,28.79,29.4,5.79,34.22,0.43,5.27,32.06,1.9,28.56,0.8,*****,27.65,10.02,3.7
2018/3/30,106.08,148.17,130.89,82.11,112.04,12.88,17.57,13.65,82.4,77,8.97,281.43,*****,16.8,13.53,1.63,*****,2.04,80.68,*****,3.39,354.19,28.29,28.89,5.7,33.46,0.42,5.15,31.12,1.86,27.33,0.77,*****,27.21,9.9,3.63
2018/4/27,107.44,151.54,132.06,84.42,111.22,12.75,17.73,13.72,82.7,78,8.92,285,*****,17.09,13.69,1.64,*****,2.06,81.73,*****,3.44,358.63,28.65,29.26,5.86,33.88,0.43,5.21,31.53,1.78,26.48,0.78,*****,27.69,10.06,3.66
2018/5/31,109.75,147.9,129.7,85.32,110.03,12.54,17.41,13.56,82.61,76.24,8.77,291.01,*****,17.25,13.98,1.63,*****,2.1,81.96,*****,3.43,364.03,29.27,29.88,5.62,34.53,0.41,5.06,30.29,1.76,24.82,0.78,*****,27.7,10.2,3.68
2018/6/29,110.03,146.21,128.42,83.86,111.14,12.5,17.24,13.55,82.46,76.4,8.29,291.21,*****,17.04,14.02,1.63,*****,2.07,81.66,*****,3.39,364.32,29.34,29.96,5.42,34.51,0.4,4.98,29.86,1.75,23.79,0.79,*****,27.54,10.07,3.66
2018/7/31,111.39,146.67,130.15,84.78,112.05,12.62,17.47,13.7,82.46,75.63,8.31,294.47,*****,16.56,14.19,1.62,*****,2.09,81.72,*****,3.35,368.2,29.7,30.33,5.85,34.72,0.4,5.03,30.09,1.77,23.43,0.77,*****,27.52,9.92,3.65
2018/8/31,111.09,143.11,128.28,85.19,112.34,12.27,17.21,13.33,81.44,74.13,7.92,294.52,*****,16.22,14.15,1.6,*****,2.09,81.18,*****,3.36,366.75,29.62,30.25,5.9,34.4,0.4,4.99,29.96,1.68,19.08,0.76,*****,27.16,9.91,3.62
2018/9/28,111.91,146.04,130.43,85.74,115.57,12.49,17.49,13.55,80.54,73.77,7.56,296.93,*****,16.32,14.27,1.55,*****,2.08,81.58,*****,3.43,369.63,29.84,30.47,5.88,34.52,0.4,5.09,30.34,1.65,17.62,0.75,*****,27.04,9.99,3.64
2018/10/31,112.82,146.82,129.63,86.77,113.59,12.49,17.38,13.68,80.22,73.74,7.79,299.35,*****,16.29,14.39,1.54,*****,2.09,81.83,*****,3.45,372.13,30.08,30.72,5.89,34.55,0.4,5.02,30.13,1.72,19.41,0.74,*****,27.15,9.97,3.65
2018/11/30,113.37,146.3,128.79,85.9,113.21,12.51,17.26,13.38,82.1,76.67,8.02,300.79,*****,16.35,14.48,1.58,*****,2.15,82.42,*****,3.44,373.1,30.23,30.87,5.61,34.59,0.4,4.97,29.95,1.71,21.11,0.77,*****,27.1,10.05,3.68
2018/12/28,112.51,142.45,127.92,83.86,113.32,12.44,17.14,13.05,80.86,76.86,7.91,298.51,*****,16.33,14.39,1.59,*****,2.13,82.06,*****,3.44,370.11,29.99,30.64,5.58,34.31,0.4,4.95,29.84,1.67,21.17,0.78,*****,26.96,10.02,3.66
2019/1/31,108.99,140.81,124.48,82.03,110.16,12.12,16.67,12.76,78.01,73.92,7.9,289.18,*****,16.05,13.9,1.54,*****,2.08,80.39,*****,3.43,359.52,29.06,29.68,5.7,33.24,0.39,4.86,29.02,1.64,20.34,0.77,*****,26.5,9.72,3.54
2019/2/28,110.39,143.62,125.31,83.61,110.2,11.94,16.79,12.87,78.92,75.5,8,292.89,*****,16.36,14.06,1.55,*****,2.12,81.56,*****,3.53,363.88,29.44,30.06,5.75,33.67,0.39,4.87,29.03,1.68,20.96,0.79,*****,27.08,9.84,3.58
2019/3/29,111.24,146.64,125.68,83.23,111.13,11.97,16.84,12.93,78.71,75.99,7.74,295.15,*****,16.56,14.17,1.6,*****,2.12,82.13,*****,3.51,366.41,29.67,30.29,5.78,33.76,0.4,4.9,29.25,1.71,20.44,0.78,*****,27.28,9.83,3.61
2019/4/26,111.73,145.66,125.57,83.57,111.01,12.01,16.82,13.06,79.55,75.14,7.91,296.41,*****,16.64,14.24,1.62,*****,2.15,82.44,*****,3.51,367.42,29.8,30.42,5.89,33.95,0.39,4.89,29.31,1.73,19.5,0.79,*****,27.19,9.8,3.62
2019/5/31,109.86,140.8,122.85,81.61,108.76,11.43,16.45,12.56,76.17,71.96,7.62,291.48,*****,15.93,14,1.58,*****,2.1,80.06,*****,3.46,361.15,29.3,29.91,5.75,33.4,0.38,4.77,28.59,1.69,18.11,0.76,*****,26.32,9.26,3.51
2019/6/28,108.12,137.03,122.04,81.29,109.32,11.49,16.34,12.52,75.08,71.3,7.41,286.85,*****,15.65,13.81,1.56,*****,2.09,79.33,*****,3.47,355.81,28.83,29.44,5.61,32.83,0.38,4.77,28.64,1.69,18.62,0.76,*****,25.99,9.21,3.46
2019/7/31,108.28,135.16,121.5,82.65,109.64,11.51,16.28,12.58,75.61,72.36,7.71,287.32,*****,15.74,13.86,1.58,*****,2.12,79.57,*****,3.52,356.01,28.87,29.48,5.68,32.78,0.37,4.76,28.54,1.71,19.08,0.77,*****,26.26,9.21,3.49
2019/8/30,106.33,129.27,118.27,80.11,108.55,11.02,15.85,11.86,72,68.47,7.03,282.09,*****,15.03,13.56,1.5,*****,2.04,76.79,*****,3.46,349.66,28.35,28.95,5.4,32.1,0.36,4.58,27.23,1.62,18.83,0.75,*****,25.41,8.79,3.39
2019/9/30,107.45,132.49,118.24,81.11,108.44,11.05,15.84,11.92,73.07,68.13,7.23,285.03,*****,15.09,13.71,1.51,*****,2.06,77.81,*****,3.51,353.61,28.65,29.26,5.48,32.43,0.36,4.57,27.16,1.65,18.8,0.76,*****,25.68,8.98,3.46
2019/10/31,108.15,136.35,119.41,81.93,108.82,11.06,15.99,11.82,73.43,68.47,7.24,286.94,*****,15.24,13.79,1.52,*****,2.1,78.85,*****,3.56,356.14,28.83,29.45,5.59,32.62,0.36,4.65,27.75,1.68,18.7,0.77,*****,25.83,9.13,3.52
2019/11/29,108.9,140.31,120.29,82.26,109.65,11.29,16.1,11.9,74.31,69.62,7.36,288.93,*****,15.51,13.91,1.52,*****,2.15,79.97,*****,3.6,358.63,29.04,29.65,5.64,32.89,0.36,4.71,28.08,1.71,18.97,0.78,*****,26.2,9.32,3.57
2019/12/30,109.24,143.05,121.26,82.85,110.95,11.57,16.23,12.08,75.07,71.91,7.58,289.84,*****,15.58,13.99,1.54,*****,2.15,80.46,*****,3.62,359.91,29.13,29.74,5.71,32.84,0.37,4.76,28.37,1.73,18.7,0.78,*****,26.34,9.3,3.61
2020/1/31,109.39,142.93,121.35,83.6,112.82,11.5,16.24,12.21,74.95,72.2,7.59,290.24,*****,15.8,14.07,1.54,*****,2.15,80.96,*****,3.59,360.57,29.16,29.79,5.82,32.99,0.36,4.82,28.57,1.77,18.47,0.8,*****,26.83,9.38,3.65
2020/2/28,109.99,142.71,119.99,82.82,112.68,11.36,16.06,11.85,73.41,70.44,7.33,291.84,*****,15.71,14.15,1.54,*****,2.17,79.21,*****,3.51,360.87,29.32,29.95,5.85,33.18,0.36,4.79,28.06,1.72,18.17,0.8,*****,26.47,9.21,3.65
2020/3/31,107.54,133.35,119.14,77.33,112.37,10.98,15.95,10.61,67.06,65.13,6.5,285.3,*****,15.31,13.85,1.45,*****,2.11,76.02,*****,3.36,348.49,28.65,29.28,4.89,32.38,0.35,4.51,26.93,1.46,17.02,0.71,*****,25.08,8.83,3.57
2020/4/30,107.96,133.97,117.37,76.74,111.26,10.76,15.73,10.35,67.82,64.76,5.82,285.87,*****,15.24,13.93,1.42,*****,2.13,75.81,*****,3.31,347.12,28.72,29.39,4.47,32.27,0.33,4.3,25.83,1.44,15.8,0.68,*****,24.84,8.82,3.59
2020/5/29,107.35,131.83,116.99,76.89,110.64,11.04,15.69,10.65,70.03,65.38,5.93,284.56,*****,15.07,13.85,1.42,*****,2.12,75.68,*****,3.35,347.61,28.58,29.23,4.59,32.05,0.33,4.29,25.83,1.48,15.54,0.72,*****,24.74,8.74,3.59
2020/6/30,107.55,134.74,121.05,79.33,112.94,11.55,16.24,11.29,74.08,69.22,6.29,285.15,*****,15.19,13.88,1.42,*****,2.15,77.14,*****,3.45,349.58,28.67,29.28,4.83,31.99,0.35,4.54,27.26,1.55,15.78,0.76,*****,25.17,8.9,3.63
2020/7/31,106.84,135.12,122.21,79.03,114.17,11.79,16.41,11.46,74.95,70.26,6.37,283.37,*****,15.24,13.78,1.43,*****,2.16,76.98,*****,3.41,347.73,28.49,29.09,4.77,31.69,0.35,4.6,27.44,1.5,15.55,0.74,*****,25.06,8.92,3.63
2020/8/31,106.05,139.26,125.42,80.1,116.45,12.17,16.84,11.85,76.3,69.96,6.16,281.36,*****,15.31,13.68,1.42,*****,2.17,77.43,*****,3.4,346.95,28.28,28.88,4.78,31.32,0.36,4.8,28.49,1.44,14.6,0.72,*****,25.33,8.94,3.61
2020/9/30,105.76,137.3,124.7,80.07,115.59,11.97,16.76,11.6,76.47,70.5,6.31,280.52,*****,15.51,13.65,1.44,*****,2.18,77.4,*****,3.37,345.87,28.2,28.8,4.88,31.09,0.35,4.67,27.92,1.4,14.05,0.72,*****,25.48,8.97,3.62
2020/10/30,105.27,136.61,123.86,79.67,115.32,11.91,16.64,11.34,75.03,69.84,6.39,279.2,*****,15.68,13.58,1.43,*****,2.17,77.42,*****,3.37,344.08,28.07,28.66,4.94,30.79,0.34,4.56,27.32,1.36,13.29,0.72,*****,25.37,9.19,3.67
2020/11/30,104.41,137.89,123.53,79.81,114.64,12.08,16.59,11.49,75.93,71.65,6.73,276.93,*****,15.83,13.47,1.41,*****,2.16,77.49,*****,3.43,341.83,27.84,28.43,5.11,30.59,0.34,4.67,27.47,1.36,13.1,0.74,*****,25.4,9.37,3.66
2020/12/30,103.84,139.41,126.2,80.96,116.73,12.4,16.96,11.91,78.02,73.53,6.97,275.41,*****,15.91,13.4,1.41,*****,2.16,77.89,*****,3.45,340.48,27.68,28.27,5.2,30.37,0.35,4.8,28.22,1.4,13.44,0.74,*****,25.6,9.49,3.68
2021/1/29,103.69,141.49,126.23,81.51,116.97,12.51,16.97,12.18,80.09,74.58,6.87,275.01,*****,16.03,13.38,1.42,*****,2.16,78.24,*****,3.46,342.22,27.65,28.23,5.21,30.43,0.35,4.83,27.82,1.4,14,0.74,*****,25.7,9.44,3.7
